area,perimeter,angle_deg,axis_major,axis_minor,center_x,center_y
369,71.113,9.812,26.239,17.927,22.461,207.978
575,89.012,-1.803,31.821,23.158,25.793,69.856
281,68.077,-66.296,26.389,14.256,28.505,6.317
589,99.012,7.562,40.843,18.632,48.582,191.852
768,102.669,0.703,36.873,26.528,72.484,68.458
520,94.083,71.627,31.979,22.241,83.677,177.108
397,75.012,26.742,24.056,21.421,100.894,60.955
184,57.799,-76.642,23.181,10.769,110.696,4.174
468,80.184,75.568,29.986,19.894,120.782,121.440
581,97.941,84.622,40.917,18.150,122.840,158.265
520,95.497,-28.655,36.854,18.848,128.365,40.344
801,108.083,-71.516,41.123,24.825,139.920,196.865
235,69.592,-88.778,30.456,10.438,160.783,252.328
109,55.899,89.735,27.263,5.281,171.376,1.670
571,89.841,65.540,31.869,22.904,184.960,26.014
683,110.468,47.229,45.811,19.064,188.909,130.627
695,106.770,84.701,45.228,19.624,199.765,72.035
217,61.799,-72.646,23.995,12.386,214.253,4.940
499,88.184,-80.210,35.204,18.083,215.780,205.667
10,8.828,90.000,4.099,2.993,220.500,229.200
521,91.012,70.466,36.555,18.190,239.685,124.203
429,79.456,78.109,27.731,20.742,244.930,247.988
447,83.497,-46.523,33.194,17.267,254.331,14.568
394,76.527,-81.458,29.874,16.934,259.815,47.566
689,98.083,58.835,36.312,24.214,272.382,174.813
707,101.012,54.034,35.091,26.028,291.027,243.550
895,116.326,13.362,44.839,25.651,303.264,124.423
556,92.426,77.535,35.907,20.062,310.939,16.826
696,103.983,-47.507,42.107,21.060,344.642,47.652
732,108.669,-14.851,43.190,21.689,351.609,126.441
663,101.397,-50.002,40.367,20.993,365.308,207.035
473,84.426,-30.870,32.675,18.774,377.323,150.704
469,92.184,-14.963,38.015,16.214,392.299,98.908
532,86.184,-22.117,31.990,21.223,407.893,36.226
542,98.462,-46.239,38.850,18.188,418.993,164.790
276,67.249,-14.879,25.803,14.594,428.351,107.736
138,46.178,4.172,17.085,11.121,430.138,240.565
79,35.107,-5.569,14.594,7.398,431.544,202.709
